IB1a;Monday;Tuesday;Wednesday;Thursday;Friday;;
08:00-09:30;Technische Informatik 1;Mathematik 1;Informatik 1 Übung;Theoretische Informatik 1;Mathematik 1 Labor;;
;E302;E304;LI136;E201;LI137;;
;Hoffmann, Sutterer;Schaefer;Pape;Körner;Schaefer;;
09:50-11:20;Fremdsprachen;;Technische Informatik 1 Übung;Mathematik 1 Labor;Informatik 1;;
;E203;;E201;LI008;E201;;
;;;Hoffmann, Sutterer;Schaefer;Pape;;
11:30-13:00;Fremdsprachen;Informatik 1;;Technische Informatik 1;Mathematik 1;;
;E203;E213;;E302;E201;;
;;Pape;;Hoffmann, Sutterer;Schaefer;;
14:00-15:30;;;;;;;
;;;;;;;
;;;;;;;
15:40-17:10;;;;;Theoretische Informatik 1;;
;;;;;E301;;
;;;;;Körner;;
17:20-18:50;;;;;;;
;;;;;;;
;;;;;;;
;;;;;;;
;;;;;;;
IB1b;Monday;Tuesday;Wednesday;Thursday;Friday;;
08:00-09:30;Theoretische Informatik 1;Informatik 1;Mathematik 1 Labor;Technische Informatik 1;Informatik 1 Übung;;
;E203;E303;LI141;E302;LI136;;
;Körner;Pape;Schaefer;Hoffmann, Sutterer;Pape;;
09:50-11:20;Technische Informatik 1 Übung;Fremdsprachen;Informatik 1;Theoretische Informatik 1;Mathematik 1 Labor;;
;E301;E301;E305;E213;LI136;;
;Hoffmann, Sutterer;;Pape;Körner;Schaefer;;
11:30-13:00;;Fremdsprachen;;Mathematik 1;Technische Informatik 1;;
;;E301;;E213;E304;;
;;;;Schaefer;Hoffmann, Sutterer;;
14:00-15:30;;Mathematik 1;;;;;
;;E304;;;;;
;;Schaefer;;;;;
15:40-17:10;;;;;;;
;;;;;;;
;;;;;;;
17:20-18:50;;;;;;;
;;;;;;;
;;;;;;;
;;;;;;;
;;;;;;;
IB2;Monday;Tuesday;Wednesday;Thursday;Friday;;
08:00-09:30;Mathematik 2 Labor;Softwarelabor;Softwarelabor;Digital-Labor;Sprachen und Metasprachen;;
;E304;E305;E203;E203;E304;;
;Laubenheimer;;;Ditzinger, Link;Körner;;
09:50-11:20;Mathematik 2;Softwarelabor;Softwarelabor;Digital-Labor;Informatik 2;;
;E305;E305;E203;E203;E213;;
;Laubenheimer;;;Ditzinger, Link;Vogelsang;;
11:30-13:00;Informatik 2;Technische Informatik 2;;Digital-Labor;Informatik 2 Übung;;
;E303;E303;;E203;E213;;
;Vogelsang;Ditzinger;;Ditzinger, Link;Vogelsang, Weidner;;
14:00-15:30;Informatik 2 Übung;;;;Technische Informatik 2;;
;E304;;;;E302;;
;Vogelsang, Weidner;;;;Ditzinger;;
15:40-17:10;;;;;Web-Programming;;
;;;;;E213;;
;;;;;Pape;;
17:20-18:50;;;;;;;
;;;;;;;
;;;;;;;
;;;;;;;
;;;;;;;
IB3a;Monday;Tuesday;Wednesday;Thursday;Friday;;
08:00-09:30;DB1 und K-Netze1;Mensch-Maschine-Kommunikation;Automatisierung;Automatisierung;BWL;;
;E303;E213;E304;E301;E302;;
;Gmeiner, Steiniger;Mussgnug;Budwitz;Budwitz;Haneke;;
09:50-11:20;DB-Praktikum;Mensch-Maschine-Kommunikation;Systemnah. Progr.;Automat. Labor;BWL;;
;E201;E213;LI137;E301;E303;;
;Steiniger;Mussgnug;Fuchß;Budwitz;Haneke;;
11:30-13:00;DB-Praktikum;;;Automat. Labor;;;
;E201;;;E301;;;
;Steiniger;;;Budwitz;;;
14:00-15:30;;DB1 und K-Netze1;;Systemnah. Progr.;;;
;;E301;;LI136;;;
;;Gmeiner, Steiniger;;Fuchß;;;
15:40-17:10;;Systemnah. Progr.;;DB1 und K-Netze1;;;
;;LI008;;E203;;;
;;Fuchß;;Gmeiner, Steiniger;;;
17:20-18:50;;;;;;;
;;;;;;;
;;;;;;;
;;;;;;;
;;;;;;;
IB3b;Monday;Tuesday;Wednesday;Thursday;Friday;;
08:00-09:30;;DB1 und K-Netze1;BWL;DB1 und K-Netze1;Automat. Labor;;
;;E302;E201;E303;E301;;
;;Gmeiner, Steiniger;Haneke;Gmeiner, Steiniger;Budwitz;;
09:50-11:20;;DB-Praktikum;DB1 und K-Netze1;BWL;Automat. Labor;;
;;E203;E302;E305;E301;;
;;Steiniger;Gmeiner, Steiniger;Haneke;Budwitz;;
11:30-13:00;;DB-Praktikum;;Systemnah. Progr.;Automatisierung;;
;;E203;;LI008;E302;;
;;Steiniger;;Fuchß;Budwitz;;
14:00-15:30;;Automatisierung;Mensch-Maschine-Kommunikation;;;;
;;E303;E302;;;;
;;Budwitz;Mussgnug;;;;
15:40-17:10;;;Mensch-Maschine-Kommunikation;;Systemnah. Progr.;;
;;;E302;;LI141;;
;;;Mussgnug;;Fuchß;;
17:20-18:50;;;Systemnah. Progr.;;;;
;;;LI141;;;;
;;;Fuchß;;;;
;;;;;;;
;;;;;;;
IB4;Monday;Tuesday;Wednesday;Thursday;Friday;;
08:00-09:30;;Praxisvorbereitung;;;Praxisnachbereitung;;
;;E201;;;E303;;
;;Körner, Thielemann;;;Morgenstern;;
09:50-11:20;;Praxisvorbereitung;;;Praxisvorbereitung;;
;;E201;;;E203;;
;;Körner, Thielemann;;;Körner, Thielemann;;
11:30-13:00;;Praxisvorbereitung;;;Praxisvorbereitung;;
;;E201;;;E203;;
;;Körner, Thielemann;;;Körner, Thielemann;;
14:00-15:30;;;;;Praxisvorbereitung;;
;;;;;E203;;
;;;;;Körner, Thielemann;;
15:40-17:10;;;;;;;
;;;;;;;
;;;;;;;
17:20-18:50;;;;;;;
;;;;;;;
;;;;;;;
;;;;;;;
;;;;;;;
IB5a;Monday;Tuesday;Wednesday;Thursday;Friday;;
08:00-09:30;;DB2 und K-Netze2;Verteilte Informationssysteme;;SW-Engineering;;
;;E203;E301;;LI141;;
;;Rotert;Gremminger;;Fuchß;;
09:50-11:20;;Autonome Systeme und RA;ERP-Labor;DB2 und K-Netze2;SW-Engineering;;
;;E303;E303;E304;LI141;;
;;Burghart, Ditzinger;Philipp;Rotert;Fuchß;;
11:30-13:00;ERP-Systeme;;;Verteilte Informationssysteme;SW-Engineering;;
;E304;;;E304;LI141;;
;Philipp;;;Gremminger;Fuchß;;
14:00-15:30;ERP-Systeme;;;;SW-Engineering;;
;E302;;;;LI141;;
;Philipp;;;;Fuchß;;
15:40-17:10;;;;;Autonome Systeme und RA;;
;;;;;E303;;
;;;;;Burghart, Ditzinger;;
17:20-18:50;;;;;;;
;;;;;;;
;;;;;;;
;;;;;;;
;;;;;;;
IB5b;Monday;Tuesday;Wednesday;Thursday;Friday;;
08:00-09:30;DB2 und K-Netze2;SW-Engineering;Autonome Systeme und RA;DB2 und K-Netze2;Autonome Systeme und RA;;
;E305;LI008;E303;E305;E305;;
;Rotert;Fuchß;Burghart, Ditzinger;Rotert;Burghart, Ditzinger;;
09:50-11:20;;SW-Engineering;Verteilte Informationssysteme;;ERP-Systeme;;
;;LI008;E213;;E302;;
;;Fuchß;Gremminger;;Philipp;;
11:30-13:00;Verteilte Informationssysteme;SW-Engineering;;;ERP-Systeme;;
;E301;LI008;;;E303;;
;Gremminger;Fuchß;;;Philipp;;
14:00-15:30;;SW-Engineering;;;;;
;;LI008;;;;;
;;Fuchß;;;;;
15:40-17:10;;ERP-Labor;;;;;
;;E305;;;;;
;;Philipp;;;;;
17:20-18:50;;;;;;;
;;;;;;;
;;;;;;;
;;;;;;;
;;;;;;;
IB6;Monday;Tuesday;Wednesday;Thursday;Friday;;
08:00-09:30;Recht;Geschäftsprozesse;Geschäftsprozesse;Computergrafik;Robotics;;
;E213;E301;E305;E213;E213;;
;Stumpf;Haneke;Philipp;Henning;Haag;;
09:50-11:20;Gameprogramming;IT-Consulting;Benutzeroberflächen;Spez. Kap. Software Engineering;Labor Bildverarbeitung;;
;E302;E304;E304;E302;E304;;
;Henning;Philipp;Vogelsang;Fuchß;Laubenheimer;;
11:30-13:00;Computergrafik;Geschäftsprozesse;;Modellb. SW-Entw.;Computer Vision;;
;E213;E304;;E303;E301;;
;Henning;Philipp;;Supp;Laubenheimer;;
14:00-15:30;Embedded Labor;Business Intelligence;Advanced Networking;Embedded Software;Intercultural Comm.;;
;LI136;E213;E305;E201;E303;;
;Hoffmann;Haneke;Magschok;Hoffmann;Rose;;
15:40-17:10;Embedded Labor;Networksecurity;Advanced Networking;Intercultural Comm.;;;
;LI136;E303;E305;E201;;;
;Hoffmann;Magschok;Magschok;Rose;;;
17:20-18:50;Rhetorik;;;;Seminar;;
;E304;;;;E203;;
;Thielemann;;;;Alle Professoren;;
;;;;;;;
;;;;;;;
IB7;Monday;Tuesday;Wednesday;Thursday;Friday;;
08:00-09:30;;Labor Autonome Systeme;Multimedia;;Qualitätssicherung;;
;;LI137;E213;;E201;;
;;Link;Henning;;Hoffmann;;
09:50-11:20;Teamteaching;;;;;;
;E303;;;;;;
;Vogelsang;;;;;;
11:30-13:00;;;;;;;
;;;;;;;
;;;;;;;
14:00-15:30;;;;;;;
;;;;;;;
;;;;;;;
15:40-17:10;;;Projektmanagement;;;;
;;;E213;;;;
;;;Haneke;;;;
17:20-18:50;;;;;;;
;;;;;;;
;;;;;;;
;;;;;;;
;;;;;;;
IM1;Monday;Tuesday;Wednesday;Thursday;Friday;;
08:00-09:30;IT Service Management;;Datenrepräsentation und -übertragung;IT Projektmanagement;Visualization and Semantics;;
;E201;;E302;E304;E203;;
;Philipp;;Hoffmann;Haneke;Henning;;
09:50-11:20;Verteilte Informationssysteme;;;Visualization and Semantics Lab;Intelligente Systeme;;
;E213;;;LI137;E305;;
;Gremminger;;;Henning;Link;;
11:30-13:00;;Modellierung und Simulation;;;;;
;;E305;;;;;
;;Nestler;;;;;
14:00-15:30;;;Mobile Systeme;Projektarbeit1;;;
;;;E303;E305;;;
;;;Fuchß;Alle Professoren;;;
15:40-17:10;;;;Projektarbeit1;;;
;;;;E305;;;
;;;;Alle Professoren;;;
17:20-18:50;;Führungskräftetraining;;Projektarbeit1;;;
;;E303;;E305;;;
;;Hüttel;;Alle Professoren;;;
;;;;;;;
;;;;;;;
IM2;Monday;Tuesday;Wednesday;Thursday;Friday;;
08:00-09:30;Labor Verteilte Systeme;;;;;;
;E301;;;;;;
;Gremminger;;;;;;
09:50-11:20;Algorithmen Übung;Labor Benutzeroberflächen;Angewandte Kryptografie;;;;
;E304;E302;E301;;;;
;Pape;Vogelsang;Schaefer;;;;
11:30-13:00;Data Mining;IT-Sicherheit;;Algorithmenentwurf;;;
;E305;E302;;E201;;;
;Laubenheimer;Schaefer;;Körner;;;
14:00-15:30;;;;Dialog Systems;;;
;;;;E203;;;
;;;;Bröckl;;;
15:40-17:10;;;;Projektarbeit2;;;
;;;;E303;;;
;;;;Alle Professoren;;;
17:20-18:50;;Seminar;;Projektarbeit2;;;
;;E305;;E303;;;
;;Alle Professoren;;Alle Professoren;;;
;;;;;;;
;;;;;;;
 Alle Professoren;Monday;Tuesday;Wednesday;Thursday;Friday;;
08:00-09:30;;;;;;;
;;;;;;;
;;;;;;;
09:50-11:20;;;;;;;
;;;;;;;
;;;;;;;
11:30-13:00;;;;;;;
;;;;;;;
;;;;;;;
14:00-15:30;;;;Projektarbeit1;;;
;;;;E305;;;
;;;;Alle Professoren;;;
15:40-17:10;;;;Projektarbeit1;;;
;;;;E305;;;
;;;;Alle Professoren;;;
17:20-18:50;;Seminar;;Projektarbeit1;Seminar;;
;;E305;;E305;E203;;
;;Alle Professoren;;Alle Professoren;Alle Professoren;;
;;;;;;;
;;;;;;;
 ;Monday;Tuesday;Wednesday;Thursday;Friday;;
08:00-09:30;;Softwarelabor;Softwarelabor;;;;
;;E305;E203;;;;
;;;;;;;
09:50-11:20;Fremdsprachen;Fremdsprachen;Softwarelabor;;;;
;E203;E301;E203;;;;
;;;;;;;
11:30-13:00;Fremdsprachen;Fremdsprachen;;;;;
;E203;E301;;;;;
;;;;;;;
14:00-15:30;;;;;;;
;;;;;;;
;;;;;;;
15:40-17:10;;;;;;;
;;;;;;;
;;;;;;;
17:20-18:50;;;;;;;
;;;;;;;
;;;;;;;
;;;;;;;
;;;;;;;
 !!Noch nicht angelegt;Monday;Tuesday;Wednesday;Thursday;Friday;;
08:00-09:30;;;;;;;
;;;;;;;
;;;;;;;
09:50-11:20;;;;;;;
;;;;;;;
;;;;;;;
11:30-13:00;;;;;;;
;;;;;;;
;;;;;;;
14:00-15:30;;;;;;;
;;;;;;;
;;;;;;;
15:40-17:10;;;;;;;
;;;;;;;
;;;;;;;
17:20-18:50;;;;;;;
;;;;;;;
;;;;;;;
;;;;;;;
;;;;;;;
 Bröckl;Monday;Tuesday;Wednesday;Thursday;Friday;;
08:00-09:30;;;;;;;
;;;;;;;
;;;;;;;
09:50-11:20;;;;;;;
;;;;;;;
;;;;;;;
11:30-13:00;;;;;;;
;;;;;;;
;;;;;;;
14:00-15:30;;;;Dialog Systems;;;
;;;;E203;;;
;;;;Bröckl;;;
15:40-17:10;;;;;;;
;;;;;;;
;;;;;;;
17:20-18:50;;;;;;;
;;;;;;;
;;;;;;;
;;;;;;;
;;;;;;;
 Ditzinger;Monday;Tuesday;Wednesday;Thursday;Friday;;
08:00-09:30;;;Autonome Systeme und RA;Digital-Labor;Autonome Systeme und RA;;
;;;E303;E203;E305;;
;;;Burghart, Ditzinger;Ditzinger, Link;Burghart, Ditzinger;;
09:50-11:20;;Autonome Systeme und RA;;Digital-Labor;;;
;;E303;;E203;;;
;;Burghart, Ditzinger;;Ditzinger, Link;;;
11:30-13:00;;Technische Informatik 2;;Digital-Labor;;;
;;E303;;E203;;;
;;Ditzinger;;Ditzinger, Link;;;
14:00-15:30;;;;;Technische Informatik 2;;
;;;;;E302;;
;;;;;Ditzinger;;
15:40-17:10;;;;;Autonome Systeme und RA;;
;;;;;E303;;
;;;;;Burghart, Ditzinger;;
17:20-18:50;;;;;;;
;;;;;;;
;;;;;;;
;;;;;;;
;;;;;;;
 Dübon;Monday;Tuesday;Wednesday;Thursday;Friday;;
08:00-09:30;;;;;;;
;;;;;;;
;;;;;;;
09:50-11:20;;;;;;;
;;;;;;;
;;;;;;;
11:30-13:00;;;;;;;
;;;;;;;
;;;;;;;
14:00-15:30;;;;;;;
;;;;;;;
;;;;;;;
15:40-17:10;;;;;;;
;;;;;;;
;;;;;;;
17:20-18:50;;;;;;;
;;;;;;;
;;;;;;;
;;;;;;;
;;;;;;;
 Fuchß;Monday;Tuesday;Wednesday;Thursday;Friday;;
08:00-09:30;;SW-Engineering;;;SW-Engineering;;
;;LI008;;;LI141;;
;;Fuchß;;;Fuchß;;
09:50-11:20;;SW-Engineering;Systemnah. Progr.;Spez. Kap. Software Engineering;SW-Engineering;;
;;LI008;LI137;E302;LI141;;
;;Fuchß;Fuchß;Fuchß;Fuchß;;
11:30-13:00;;SW-Engineering;;Systemnah. Progr.;SW-Engineering;;
;;LI008;;LI008;LI141;;
;;Fuchß;;Fuchß;Fuchß;;
14:00-15:30;;SW-Engineering;Mobile Systeme;Systemnah. Progr.;SW-Engineering;;
;;LI008;E303;LI136;LI141;;
;;Fuchß;Fuchß;Fuchß;Fuchß;;
15:40-17:10;;Systemnah. Progr.;;;Systemnah. Progr.;;
;;LI008;;;LI141;;
;;Fuchß;;;Fuchß;;
17:20-18:50;;;Systemnah. Progr.;;;;
;;;LI141;;;;
;;;Fuchß;;;;
;;;;;;;
;;;;;;;
 Gmeiner;Monday;Tuesday;Wednesday;Thursday;Friday;;
08:00-09:30;DB1 und K-Netze1;DB1 und K-Netze1;;DB1 und K-Netze1;;;
;E303;E302;;E303;;;
;Gmeiner, Steiniger;Gmeiner, Steiniger;;Gmeiner, Steiniger;;;
09:50-11:20;;;DB1 und K-Netze1;;;;
;;;E302;;;;
;;;Gmeiner, Steiniger;;;;
11:30-13:00;;;;;;;
;;;;;;;
;;;;;;;
14:00-15:30;;DB1 und K-Netze1;;;;;
;;E301;;;;;
;;Gmeiner, Steiniger;;;;;
15:40-17:10;;;;DB1 und K-Netze1;;;
;;;;E203;;;
;;;;Gmeiner, Steiniger;;;
17:20-18:50;;;;;;;
;;;;;;;
;;;;;;;
;;;;;;;
;;;;;;;
 Graf;Monday;Tuesday;Wednesday;Thursday;Friday;;
08:00-09:30;;;;;;;
;;;;;;;
;;;;;;;
09:50-11:20;;;;;;;
;;;;;;;
;;;;;;;
11:30-13:00;;;;;;;
;;;;;;;
;;;;;;;
14:00-15:30;;;;;;;
;;;;;;;
;;;;;;;
15:40-17:10;;;;;;;
;;;;;;;
;;;;;;;
17:20-18:50;;;;;;;
;;;;;;;
;;;;;;;
;;;;;;;
;;;;;;;
 Gremminger;Monday;Tuesday;Wednesday;Thursday;Friday;;
08:00-09:30;Labor Verteilte Systeme;;Verteilte Informationssysteme;;;;
;E301;;E301;;;;
;Gremminger;;Gremminger;;;;
09:50-11:20;Verteilte Informationssysteme;;Verteilte Informationssysteme;;;;
;E213;;E213;;;;
;Gremminger;;Gremminger;;;;
11:30-13:00;Verteilte Informationssysteme;;;Verteilte Informationssysteme;;;
;E301;;;E304;;;
;Gremminger;;;Gremminger;;;
14:00-15:30;;;;;;;
;;;;;;;
;;;;;;;
15:40-17:10;;;;;;;
;;;;;;;
;;;;;;;
17:20-18:50;;;;;;;
;;;;;;;
;;;;;;;
;;;;;;;
;;;;;;;
 Haneke;Monday;Tuesday;Wednesday;Thursday;Friday;;
08:00-09:30;;Geschäftsprozesse;BWL;IT Projektmanagement;BWL;;
;;E301;E201;E304;E302;;
;;Haneke;Haneke;Haneke;Haneke;;
09:50-11:20;;;;BWL;BWL;;
;;;;E305;E303;;
;;;;Haneke;Haneke;;
11:30-13:00;;;;;;;
;;;;;;;
;;;;;;;
14:00-15:30;;Business Intelligence;;;;;
;;E213;;;;;
;;Haneke;;;;;
15:40-17:10;;;Projektmanagement;;;;
;;;E213;;;;
;;;Haneke;;;;
17:20-18:50;;;;;;;
;;;;;;;
;;;;;;;
;;;;;;;
;;;;;;;
 Heberle;Monday;Tuesday;Wednesday;Thursday;Friday;;
08:00-09:30;;;;;;;
;;;;;;;
;;;;;;;
09:50-11:20;;;;;;;
;;;;;;;
;;;;;;;
11:30-13:00;;;;;;;
;;;;;;;
;;;;;;;
14:00-15:30;;;;;;;
;;;;;;;
;;;;;;;
15:40-17:10;;;;;;;
;;;;;;;
;;;;;;;
17:20-18:50;;;;;;;
;;;;;;;
;;;;;;;
;;;;;;;
;;;;;;;
 Henning;Monday;Tuesday;Wednesday;Thursday;Friday;;
08:00-09:30;;;Multimedia;Computergrafik;Visualization and Semantics;;
;;;E213;E213;E203;;
;;;Henning;Henning;Henning;;
09:50-11:20;Gameprogramming;;;Visualization and Semantics Lab;;;
;E302;;;LI137;;;
;Henning;;;Henning;;;
11:30-13:00;Computergrafik;;;;;;
;E213;;;;;;
;Henning;;;;;;
14:00-15:30;;;;;;;
;;;;;;;
;;;;;;;
15:40-17:10;;;;;;;
;;;;;;;
;;;;;;;
17:20-18:50;;;;;;;
;;;;;;;
;;;;;;;
;;;;;;;
;;;;;;;
 Hoffmann;Monday;Tuesday;Wednesday;Thursday;Friday;;
08:00-09:30;Technische Informatik 1;;Datenrepräsentation und -übertragung;Technische Informatik 1;Qualitätssicherung;;
;E302;;E302;E302;E201;;
;Hoffmann, Sutterer;;Hoffmann;Hoffmann, Sutterer;Hoffmann;;
09:50-11:20;Technische Informatik 1 Übung;;Technische Informatik 1 Übung;;;;
;E301;;E201;;;;
;Hoffmann, Sutterer;;Hoffmann, Sutterer;;;;
11:30-13:00;;;;Technische Informatik 1;Technische Informatik 1;;
;;;;E302;E304;;
;;;;Hoffmann, Sutterer;Hoffmann, Sutterer;;
14:00-15:30;Embedded Labor;;;Embedded Software;;;
;LI136;;;E201;;;
;Hoffmann;;;Hoffmann;;;
15:40-17:10;Embedded Labor;;;;;;
;LI136;;;;;;
;Hoffmann;;;;;;
17:20-18:50;;;;;;;
;;;;;;;
;;;;;;;
;;;;;;;
;;;;;;;
 Hofmann;Monday;Tuesday;Wednesday;Thursday;Friday;;
08:00-09:30;;;;;;;
;;;;;;;
;;;;;;;
09:50-11:20;;;;;;;
;;;;;;;
;;;;;;;
11:30-13:00;;;;;;;
;;;;;;;
;;;;;;;
14:00-15:30;;;;;;;
;;;;;;;
;;;;;;;
15:40-17:10;;;;;;;
;;;;;;;
;;;;;;;
17:20-18:50;;;;;;;
;;;;;;;
;;;;;;;
;;;;;;;
;;;;;;;
 Hüttel;Monday;Tuesday;Wednesday;Thursday;Friday;;
08:00-09:30;;;;;;;
;;;;;;;
;;;;;;;
09:50-11:20;;;;;;;
;;;;;;;
;;;;;;;
11:30-13:00;;;;;;;
;;;;;;;
;;;;;;;
14:00-15:30;;;;;;;
;;;;;;;
;;;;;;;
15:40-17:10;;;;;;;
;;;;;;;
;;;;;;;
17:20-18:50;;Führungskräftetraining;;;;;
;;E303;;;;;
;;Hüttel;;;;;
;;;;;;;
;;;;;;;
 Körner;Monday;Tuesday;Wednesday;Thursday;Friday;;
08:00-09:30;Theoretische Informatik 1;Praxisvorbereitung;;Theoretische Informatik 1;Sprachen und Metasprachen;;
;E203;E201;;E201;E304;;
;Körner;Körner, Thielemann;;Körner;Körner;;
09:50-11:20;;Praxisvorbereitung;;Theoretische Informatik 1;Praxisvorbereitung;;
;;E201;;E213;E203;;
;;Körner, Thielemann;;Körner;Körner, Thielemann;;
11:30-13:00;;Praxisvorbereitung;;Algorithmenentwurf;Praxisvorbereitung;;
;;E201;;E201;E203;;
;;Körner, Thielemann;;Körner;Körner, Thielemann;;
14:00-15:30;;;;;Praxisvorbereitung;;
;;;;;E203;;
;;;;;Körner, Thielemann;;
15:40-17:10;;;;;Theoretische Informatik 1;;
;;;;;E301;;
;;;;;Körner;;
17:20-18:50;;;;;;;
;;;;;;;
;;;;;;;
;;;;;;;
;;;;;;;
 Laubenheimer;Monday;Tuesday;Wednesday;Thursday;Friday;;
08:00-09:30;Mathematik 2 Labor;;;;;;
;E304;;;;;;
;Laubenheimer;;;;;;
09:50-11:20;Mathematik 2;;;;Labor Bildverarbeitung;;
;E305;;;;E304;;
;Laubenheimer;;;;Laubenheimer;;
11:30-13:00;Data Mining;;;;Computer Vision;;
;E305;;;;E301;;
;Laubenheimer;;;;Laubenheimer;;
14:00-15:30;;;;;;;
;;;;;;;
;;;;;;;
15:40-17:10;;;;;;;
;;;;;;;
;;;;;;;
17:20-18:50;;;;;;;
;;;;;;;
;;;;;;;
;;;;;;;
;;;;;;;
 Link;Monday;Tuesday;Wednesday;Thursday;Friday;;
08:00-09:30;;Labor Autonome Systeme;;Digital-Labor;;;
;;LI137;;E203;;;
;;Link;;Ditzinger, Link;;;
09:50-11:20;;;;Digital-Labor;Intelligente Systeme;;
;;;;E203;E305;;
;;;;Ditzinger, Link;Link;;
11:30-13:00;;;;Digital-Labor;;;
;;;;E203;;;
;;;;Ditzinger, Link;;;
14:00-15:30;;;;;;;
;;;;;;;
;;;;;;;
15:40-17:10;;;;;;;
;;;;;;;
;;;;;;;
17:20-18:50;;;;;;;
;;;;;;;
;;;;;;;
;;;;;;;
;;;;;;;
 Martin;Monday;Tuesday;Wednesday;Thursday;Friday;;
08:00-09:30;;;;;;;
;;;;;;;
;;;;;;;
09:50-11:20;;;;;;;
;;;;;;;
;;;;;;;
11:30-13:00;;;;;;;
;;;;;;;
;;;;;;;
14:00-15:30;;;;;;;
;;;;;;;
;;;;;;;
15:40-17:10;;;;;;;
;;;;;;;
;;;;;;;
17:20-18:50;;;;;;;
;;;;;;;
;;;;;;;
;;;;;;;
;;;;;;;
 Meisel;Monday;Tuesday;Wednesday;Thursday;Friday;;
08:00-09:30;;;;;;;
;;;;;;;
;;;;;;;
09:50-11:20;;;;;;;
;;;;;;;
;;;;;;;
11:30-13:00;;;;;;;
;;;;;;;
;;;;;;;
14:00-15:30;;;;;;;
;;;;;;;
;;;;;;;
15:40-17:10;;;;;;;
;;;;;;;
;;;;;;;
17:20-18:50;;;;;;;
;;;;;;;
;;;;;;;
;;;;;;;
;;;;;;;
 Morgenstern;Monday;Tuesday;Wednesday;Thursday;Friday;;
08:00-09:30;;;;;Praxisnachbereitung;;
;;;;;E303;;
;;;;;Morgenstern;;
09:50-11:20;;;;;;;
;;;;;;;
;;;;;;;
11:30-13:00;;;;;;;
;;;;;;;
;;;;;;;
14:00-15:30;;;;;;;
;;;;;;;
;;;;;;;
15:40-17:10;;;;;;;
;;;;;;;
;;;;;;;
17:20-18:50;;;;;;;
;;;;;;;
;;;;;;;
;;;;;;;
;;;;;;;
 Müller;Monday;Tuesday;Wednesday;Thursday;Friday;;
08:00-09:30;;;;;;;
;;;;;;;
;;;;;;;
09:50-11:20;;;;;;;
;;;;;;;
;;;;;;;
11:30-13:00;;;;;;;
;;;;;;;
;;;;;;;
14:00-15:30;;;;;;;
;;;;;;;
;;;;;;;
15:40-17:10;;;;;;;
;;;;;;;
;;;;;;;
17:20-18:50;;;;;;;
;;;;;;;
;;;;;;;
;;;;;;;
;;;;;;;
 Nees;Monday;Tuesday;Wednesday;Thursday;Friday;;
08:00-09:30;;;;;;;
;;;;;;;
;;;;;;;
09:50-11:20;;;;;;;
;;;;;;;
;;;;;;;
11:30-13:00;;;;;;;
;;;;;;;
;;;;;;;
14:00-15:30;;;;;;;
;;;;;;;
;;;;;;;
15:40-17:10;;;;;;;
;;;;;;;
;;;;;;;
17:20-18:50;;;;;;;
;;;;;;;
;;;;;;;
;;;;;;;
;;;;;;;
 Nestler;Monday;Tuesday;Wednesday;Thursday;Friday;;
08:00-09:30;;;;;;;
;;;;;;;
;;;;;;;
09:50-11:20;;;;;;;
;;;;;;;
;;;;;;;
11:30-13:00;;Modellierung und Simulation;;;;;
;;E305;;;;;
;;Nestler;;;;;
14:00-15:30;;;;;;;
;;;;;;;
;;;;;;;
15:40-17:10;;;;;;;
;;;;;;;
;;;;;;;
17:20-18:50;;;;;;;
;;;;;;;
;;;;;;;
;;;;;;;
;;;;;;;
 Neumann;Monday;Tuesday;Wednesday;Thursday;Friday;;
08:00-09:30;;;;;;;
;;;;;;;
;;;;;;;
09:50-11:20;;;;;;;
;;;;;;;
;;;;;;;
11:30-13:00;;;;;;;
;;;;;;;
;;;;;;;
14:00-15:30;;;;;;;
;;;;;;;
;;;;;;;
15:40-17:10;;;;;;;
;;;;;;;
;;;;;;;
17:20-18:50;;;;;;;
;;;;;;;
;;;;;;;
;;;;;;;
;;;;;;;
 Pape;Monday;Tuesday;Wednesday;Thursday;Friday;;
08:00-09:30;;Informatik 1;Informatik 1 Übung;;Informatik 1 Übung;;
;;E303;LI136;;LI136;;
;;Pape;Pape;;Pape;;
09:50-11:20;Algorithmen Übung;;Informatik 1;;Informatik 1;;
;E304;;E305;;E201;;
;Pape;;Pape;;Pape;;
11:30-13:00;;Informatik 1;;;;;
;;E213;;;;;
;;Pape;;;;;
14:00-15:30;;;;;;;
;;;;;;;
;;;;;;;
15:40-17:10;;;;;Web-Programming;;
;;;;;E213;;
;;;;;Pape;;
17:20-18:50;;;;;;;
;;;;;;;
;;;;;;;
;;;;;;;
;;;;;;;
 Philipp;Monday;Tuesday;Wednesday;Thursday;Friday;;
08:00-09:30;IT Service Management;;Geschäftsprozesse;;;;
;E201;;E305;;;;
;Philipp;;Philipp;;;;
09:50-11:20;;IT-Consulting;ERP-Labor;;ERP-Systeme;;
;;E304;E303;;E302;;
;;Philipp;Philipp;;Philipp;;
11:30-13:00;ERP-Systeme;Geschäftsprozesse;;;ERP-Systeme;;
;E304;E304;;;E303;;
;Philipp;Philipp;;;Philipp;;
14:00-15:30;ERP-Systeme;;;;;;
;E302;;;;;;
;Philipp;;;;;;
15:40-17:10;;ERP-Labor;;;;;
;;E305;;;;;
;;Philipp;;;;;
17:20-18:50;;;;;;;
;;;;;;;
;;;;;;;
;;;;;;;
;;;;;;;
 Regier;Monday;Tuesday;Wednesday;Thursday;Friday;;
08:00-09:30;;;;;;;
;;;;;;;
;;;;;;;
09:50-11:20;;;;;;;
;;;;;;;
;;;;;;;
11:30-13:00;;;;;;;
;;;;;;;
;;;;;;;
14:00-15:30;;;;;;;
;;;;;;;
;;;;;;;
15:40-17:10;;;;;;;
;;;;;;;
;;;;;;;
17:20-18:50;;;;;;;
;;;;;;;
;;;;;;;
;;;;;;;
;;;;;;;
 Reichhardt;Monday;Tuesday;Wednesday;Thursday;Friday;;
08:00-09:30;;;;;;;
;;;;;;;
;;;;;;;
09:50-11:20;;;;;;;
;;;;;;;
;;;;;;;
11:30-13:00;;;;;;;
;;;;;;;
;;;;;;;
14:00-15:30;;;;;;;
;;;;;;;
;;;;;;;
15:40-17:10;;;;;;;
;;;;;;;
;;;;;;;
17:20-18:50;;;;;;;
;;;;;;;
;;;;;;;
;;;;;;;
;;;;;;;
 Schaefer;Monday;Tuesday;Wednesday;Thursday;Friday;;
08:00-09:30;;Mathematik 1;Mathematik 1 Labor;;Mathematik 1 Labor;;
;;E304;LI141;;LI137;;
;;Schaefer;Schaefer;;Schaefer;;
09:50-11:20;;;Angewandte Kryptografie;Mathematik 1 Labor;Mathematik 1 Labor;;
;;;E301;LI008;LI136;;
;;;Schaefer;Schaefer;Schaefer;;
11:30-13:00;;IT-Sicherheit;;Mathematik 1;Mathematik 1;;
;;E302;;E213;E201;;
;;Schaefer;;Schaefer;Schaefer;;
14:00-15:30;;Mathematik 1;;;;;
;;E304;;;;;
;;Schaefer;;;;;
15:40-17:10;;;;;;;
;;;;;;;
;;;;;;;
17:20-18:50;;;;;;;
;;;;;;;
;;;;;;;
;;;;;;;
;;;;;;;
 Schmauch;Monday;Tuesday;Wednesday;Thursday;Friday;;
08:00-09:30;;;;;;;
;;;;;;;
;;;;;;;
09:50-11:20;;;;;;;
;;;;;;;
;;;;;;;
11:30-13:00;;;;;;;
;;;;;;;
;;;;;;;
14:00-15:30;;;;;;;
;;;;;;;
;;;;;;;
15:40-17:10;;;;;;;
;;;;;;;
;;;;;;;
17:20-18:50;;;;;;;
;;;;;;;
;;;;;;;
;;;;;;;
;;;;;;;
 Schmidt;Monday;Tuesday;Wednesday;Thursday;Friday;;
08:00-09:30;;;;;;;
;;;;;;;
;;;;;;;
09:50-11:20;;;;;;;
;;;;;;;
;;;;;;;
11:30-13:00;;;;;;;
;;;;;;;
;;;;;;;
14:00-15:30;;;;;;;
;;;;;;;
;;;;;;;
15:40-17:10;;;;;;;
;;;;;;;
;;;;;;;
17:20-18:50;;;;;;;
;;;;;;;
;;;;;;;
;;;;;;;
;;;;;;;
 Seifert;Monday;Tuesday;Wednesday;Thursday;Friday;;
08:00-09:30;;;;;;;
;;;;;;;
;;;;;;;
09:50-11:20;;;;;;;
;;;;;;;
;;;;;;;
11:30-13:00;;;;;;;
;;;;;;;
;;;;;;;
14:00-15:30;;;;;;;
;;;;;;;
;;;;;;;
15:40-17:10;;;;;;;
;;;;;;;
;;;;;;;
17:20-18:50;;;;;;;
;;;;;;;
;;;;;;;
;;;;;;;
;;;;;;;
 Senger;Monday;Tuesday;Wednesday;Thursday;Friday;;
08:00-09:30;;;;;;;
;;;;;;;
;;;;;;;
09:50-11:20;;;;;;;
;;;;;;;
;;;;;;;
11:30-13:00;;;;;;;
;;;;;;;
;;;;;;;
14:00-15:30;;;;;;;
;;;;;;;
;;;;;;;
15:40-17:10;;;;;;;
;;;;;;;
;;;;;;;
17:20-18:50;;;;;;;
;;;;;;;
;;;;;;;
;;;;;;;
;;;;;;;
 Vogelsang;Monday;Tuesday;Wednesday;Thursday;Friday;;
08:00-09:30;;;;;;;
;;;;;;;
;;;;;;;
09:50-11:20;Teamteaching;Labor Benutzeroberflächen;Benutzeroberflächen;;Informatik 2;;
;E303;E302;E304;;E213;;
;Vogelsang;Vogelsang;Vogelsang;;Vogelsang;;
11:30-13:00;Informatik 2;;;;Informatik 2 Übung;;
;E303;;;;E213;;
;Vogelsang;;;;Vogelsang, Weidner;;
14:00-15:30;Informatik 2 Übung;;;;;;
;E304;;;;;;
;Vogelsang, Weidner;;;;;;
15:40-17:10;;;;;;;
;;;;;;;
;;;;;;;
17:20-18:50;;;;;;;
;;;;;;;
;;;;;;;
;;;;;;;
;;;;;;;
 Weidner;Monday;Tuesday;Wednesday;Thursday;Friday;;
08:00-09:30;;;;;;;
;;;;;;;
;;;;;;;
09:50-11:20;;;;;;;
;;;;;;;
;;;;;;;
11:30-13:00;;;;;Informatik 2 Übung;;
;;;;;E213;;
;;;;;Vogelsang, Weidner;;
14:00-15:30;Informatik 2 Übung;;;;;;
;E304;;;;;;
;Vogelsang, Weidner;;;;;;
15:40-17:10;;;;;;;
;;;;;;;
;;;;;;;
17:20-18:50;;;;;;;
;;;;;;;
;;;;;;;
;;;;;;;
;;;;;;;
 Wirth;Monday;Tuesday;Wednesday;Thursday;Friday;;
08:00-09:30;;;;;;;
;;;;;;;
;;;;;;;
09:50-11:20;;;;;;;
;;;;;;;
;;;;;;;
11:30-13:00;;;;;;;
;;;;;;;
;;;;;;;
14:00-15:30;;;;;;;
;;;;;;;
;;;;;;;
15:40-17:10;;;;;;;
;;;;;;;
;;;;;;;
17:20-18:50;;;;;;;
;;;;;;;
;;;;;;;
;;;;;;;
;;;;;;;
 Zimmermann;Monday;Tuesday;Wednesday;Thursday;Friday;;
08:00-09:30;;;;;;;
;;;;;;;
;;;;;;;
09:50-11:20;;;;;;;
;;;;;;;
;;;;;;;
11:30-13:00;;;;;;;
;;;;;;;
;;;;;;;
14:00-15:30;;;;;;;
;;;;;;;
;;;;;;;
15:40-17:10;;;;;;;
;;;;;;;
;;;;;;;
17:20-18:50;;;;;;;
;;;;;;;
;;;;;;;
;;;;;;;
;;;;;;;
 Budwitz;Monday;Tuesday;Wednesday;Thursday;Friday;;
08:00-09:30;;;Automatisierung;Automatisierung;Automat. Labor;;
;;;E304;E301;E301;;
;;;Budwitz;Budwitz;Budwitz;;
09:50-11:20;;;;Automat. Labor;Automat. Labor;;
;;;;E301;E301;;
;;;;Budwitz;Budwitz;;
11:30-13:00;;;;Automat. Labor;Automatisierung;;
;;;;E301;E302;;
;;;;Budwitz;Budwitz;;
14:00-15:30;;Automatisierung;;;;;
;;E303;;;;;
;;Budwitz;;;;;
15:40-17:10;;;;;;;
;;;;;;;
;;;;;;;
17:20-18:50;;;;;;;
;;;;;;;
;;;;;;;
;;;;;;;
;;;;;;;
 Steiniger;Monday;Tuesday;Wednesday;Thursday;Friday;;
08:00-09:30;DB1 und K-Netze1;DB1 und K-Netze1;;DB1 und K-Netze1;;;
;E303;E302;;E303;;;
;Gmeiner, Steiniger;Gmeiner, Steiniger;;Gmeiner, Steiniger;;;
09:50-11:20;DB-Praktikum;DB-Praktikum;DB1 und K-Netze1;;;;
;E201;E203;E302;;;;
;Steiniger;Steiniger;Gmeiner, Steiniger;;;;
11:30-13:00;DB-Praktikum;DB-Praktikum;;;;;
;E201;E203;;;;;
;Steiniger;Steiniger;;;;;
14:00-15:30;;DB1 und K-Netze1;;;;;
;;E301;;;;;
;;Gmeiner, Steiniger;;;;;
15:40-17:10;;;;DB1 und K-Netze1;;;
;;;;E203;;;
;;;;Gmeiner, Steiniger;;;
17:20-18:50;;;;;;;
;;;;;;;
;;;;;;;
;;;;;;;
;;;;;;;
 Mussgnug;Monday;Tuesday;Wednesday;Thursday;Friday;;
08:00-09:30;;Mensch-Maschine-Kommunikation;;;;;
;;E213;;;;;
;;Mussgnug;;;;;
09:50-11:20;;Mensch-Maschine-Kommunikation;;;;;
;;E213;;;;;
;;Mussgnug;;;;;
11:30-13:00;;;;;;;
;;;;;;;
;;;;;;;
14:00-15:30;;;Mensch-Maschine-Kommunikation;;;;
;;;E302;;;;
;;;Mussgnug;;;;
15:40-17:10;;;Mensch-Maschine-Kommunikation;;;;
;;;E302;;;;
;;;Mussgnug;;;;
17:20-18:50;;;;;;;
;;;;;;;
;;;;;;;
;;;;;;;
;;;;;;;
 Thielemann;Monday;Tuesday;Wednesday;Thursday;Friday;;
08:00-09:30;;Praxisvorbereitung;;;;;
;;E201;;;;;
;;Körner, Thielemann;;;;;
09:50-11:20;;Praxisvorbereitung;;;Praxisvorbereitung;;
;;E201;;;E203;;
;;Körner, Thielemann;;;Körner, Thielemann;;
11:30-13:00;;Praxisvorbereitung;;;Praxisvorbereitung;;
;;E201;;;E203;;
;;Körner, Thielemann;;;Körner, Thielemann;;
14:00-15:30;;;;;Praxisvorbereitung;;
;;;;;E203;;
;;;;;Körner, Thielemann;;
15:40-17:10;;;;;;;
;;;;;;;
;;;;;;;
17:20-18:50;Rhetorik;;;;;;
;E304;;;;;;
;Thielemann;;;;;;
;;;;;;;
;;;;;;;
 Rotert;Monday;Tuesday;Wednesday;Thursday;Friday;;
08:00-09:30;DB2 und K-Netze2;DB2 und K-Netze2;;DB2 und K-Netze2;;;
;E305;E203;;E305;;;
;Rotert;Rotert;;Rotert;;;
09:50-11:20;;;;DB2 und K-Netze2;;;
;;;;E304;;;
;;;;Rotert;;;
11:30-13:00;;;;;;;
;;;;;;;
;;;;;;;
14:00-15:30;;;;;;;
;;;;;;;
;;;;;;;
15:40-17:10;;;;;;;
;;;;;;;
;;;;;;;
17:20-18:50;;;;;;;
;;;;;;;
;;;;;;;
;;;;;;;
;;;;;;;
 Burghart;Monday;Tuesday;Wednesday;Thursday;Friday;;
08:00-09:30;;;Autonome Systeme und RA;;Autonome Systeme und RA;;
;;;E303;;E305;;
;;;Burghart, Ditzinger;;Burghart, Ditzinger;;
09:50-11:20;;Autonome Systeme und RA;;;;;
;;E303;;;;;
;;Burghart, Ditzinger;;;;;
11:30-13:00;;;;;;;
;;;;;;;
;;;;;;;
14:00-15:30;;;;;;;
;;;;;;;
;;;;;;;
15:40-17:10;;;;;Autonome Systeme und RA;;
;;;;;E303;;
;;;;;Burghart, Ditzinger;;
17:20-18:50;;;;;;;
;;;;;;;
;;;;;;;
;;;;;;;
;;;;;;;
 Haag;Monday;Tuesday;Wednesday;Thursday;Friday;;
08:00-09:30;;;;;Robotics;;
;;;;;E213;;
;;;;;Haag;;
09:50-11:20;;;;;;;
;;;;;;;
;;;;;;;
11:30-13:00;;;;;;;
;;;;;;;
;;;;;;;
14:00-15:30;;;;;;;
;;;;;;;
;;;;;;;
15:40-17:10;;;;;;;
;;;;;;;
;;;;;;;
17:20-18:50;;;;;;;
;;;;;;;
;;;;;;;
;;;;;;;
;;;;;;;
 Rose;Monday;Tuesday;Wednesday;Thursday;Friday;;
08:00-09:30;;;;;;;
;;;;;;;
;;;;;;;
09:50-11:20;;;;;;;
;;;;;;;
;;;;;;;
11:30-13:00;;;;;;;
;;;;;;;
;;;;;;;
14:00-15:30;;;;;Intercultural Comm.;;
;;;;;E303;;
;;;;;Rose;;
15:40-17:10;;;;Intercultural Comm.;;;
;;;;E201;;;
;;;;Rose;;;
17:20-18:50;;;;;;;
;;;;;;;
;;;;;;;
;;;;;;;
;;;;;;;
 Stumpf;Monday;Tuesday;Wednesday;Thursday;Friday;;
08:00-09:30;Recht;;;;;;
;E213;;;;;;
;Stumpf;;;;;;
09:50-11:20;;;;;;;
;;;;;;;
;;;;;;;
11:30-13:00;;;;;;;
;;;;;;;
;;;;;;;
14:00-15:30;;;;;;;
;;;;;;;
;;;;;;;
15:40-17:10;;;;;;;
;;;;;;;
;;;;;;;
17:20-18:50;;;;;;;
;;;;;;;
;;;;;;;
;;;;;;;
;;;;;;;
 Supp;Monday;Tuesday;Wednesday;Thursday;Friday;;
08:00-09:30;;;;;;;
;;;;;;;
;;;;;;;
09:50-11:20;;;;;;;
;;;;;;;
;;;;;;;
11:30-13:00;;;;Modellb. SW-Entw.;;;
;;;;E303;;;
;;;;Supp;;;
14:00-15:30;;;;;;;
;;;;;;;
;;;;;;;
15:40-17:10;;;;;;;
;;;;;;;
;;;;;;;
17:20-18:50;;;;;;;
;;;;;;;
;;;;;;;
;;;;;;;
;;;;;;;
 Magschok;Monday;Tuesday;Wednesday;Thursday;Friday;;
08:00-09:30;;;;;;;
;;;;;;;
;;;;;;;
09:50-11:20;;;;;;;
;;;;;;;
;;;;;;;
11:30-13:00;;;;;;;
;;;;;;;
;;;;;;;
14:00-15:30;;;Advanced Networking;;;;
;;;E305;;;;
;;;Magschok;;;;
15:40-17:10;;Networksecurity;Advanced Networking;;;;
;;E303;E305;;;;
;;Magschok;Magschok;;;;
17:20-18:50;;;;;;;
;;;;;;;
;;;;;;;
;;;;;;;
;;;;;;;
 Sutterer;Monday;Tuesday;Wednesday;Thursday;Friday;;
08:00-09:30;Technische Informatik 1;;;Technische Informatik 1;;;
;E302;;;E302;;;
;Hoffmann, Sutterer;;;Hoffmann, Sutterer;;;
09:50-11:20;Technische Informatik 1 Übung;;Technische Informatik 1 Übung;;;;
;E301;;E201;;;;
;Hoffmann, Sutterer;;Hoffmann, Sutterer;;;;
11:30-13:00;;;;Technische Informatik 1;Technische Informatik 1;;
;;;;E302;E304;;
;;;;Hoffmann, Sutterer;Hoffmann, Sutterer;;
14:00-15:30;;;;;;;
;;;;;;;
;;;;;;;
15:40-17:10;;;;;;;
;;;;;;;
;;;;;;;
17:20-18:50;;;;;;;
;;;;;;;
;;;;;;;
;;;;;;;
;;;;;;;
E201;Monday;Tuesday;Wednesday;Thursday;Friday;;
08:00-09:30;IT Service Management;Praxisvorbereitung;BWL;Theoretische Informatik 1;Qualitätssicherung;;
;IM1;IB4;IB3b;IB1a;IB7;;
;Philipp;Körner, Thielemann;Haneke;Körner;Hoffmann;;
09:50-11:20;DB-Praktikum;Praxisvorbereitung;Technische Informatik 1 Übung;;Informatik 1;;
;IB3a;IB4;IB1a;;IB1a;;
;Steiniger;Körner, Thielemann;Hoffmann, Sutterer;;Pape;;
11:30-13:00;DB-Praktikum;Praxisvorbereitung;;Algorithmenentwurf;Mathematik 1;;
;IB3a;IB4;;IM2;IB1a;;
;Steiniger;Körner, Thielemann;;Körner;Schaefer;;
14:00-15:30;;;;Embedded Software;;;
;;;;IB6;;;
;;;;Hoffmann;;;
15:40-17:10;;;;Intercultural Comm.;;;
;;;;IB6;;;
;;;;Rose;;;
17:20-18:50;;;;;;;
;;;;;;;
;;;;;;;
;;;;;;;
;;;;;;;
E203;Monday;Tuesday;Wednesday;Thursday;Friday;;
08:00-09:30;Theoretische Informatik 1;DB2 und K-Netze2;Softwarelabor;Digital-Labor;Visualization and Semantics;;
;IB1b;IB5a;IB2;IB2;IM1;;
;Körner;Rotert;;Ditzinger, Link;Henning;;
09:50-11:20;Fremdsprachen;DB-Praktikum;Softwarelabor;Digital-Labor;Praxisvorbereitung;;
;IB1a;IB3b;IB2;IB2;IB4;;
;;Steiniger;;Ditzinger, Link;Körner, Thielemann;;
11:30-13:00;Fremdsprachen;DB-Praktikum;;Digital-Labor;Praxisvorbereitung;;
;IB1a;IB3b;;IB2;IB4;;
;;Steiniger;;Ditzinger, Link;Körner, Thielemann;;
14:00-15:30;;;;Dialog Systems;Praxisvorbereitung;;
;;;;IM2;IB4;;
;;;;Bröckl;Körner, Thielemann;;
15:40-17:10;;;;DB1 und K-Netze1;;;
;;;;IB3a;;;
;;;;Gmeiner, Steiniger;;;
17:20-18:50;;;;;Seminar;;
;;;;;IB6;;
;;;;;Alle Professoren;;
;;;;;;;
;;;;;;;
E213;Monday;Tuesday;Wednesday;Thursday;Friday;;
08:00-09:30;Recht;Mensch-Maschine-Kommunikation;Multimedia;Computergrafik;Robotics;;
;IB6;IB3a;IB7;IB6;IB6;;
;Stumpf;Mussgnug;Henning;Henning;Haag;;
09:50-11:20;Verteilte Informationssysteme;Mensch-Maschine-Kommunikation;Verteilte Informationssysteme;Theoretische Informatik 1;Informatik 2;;
;IM1;IB3a;IB5b;IB1b;IB2;;
;Gremminger;Mussgnug;Gremminger;Körner;Vogelsang;;
11:30-13:00;Computergrafik;Informatik 1;;Mathematik 1;Informatik 2 Übung;;
;IB6;IB1a;;IB1b;IB2;;
;Henning;Pape;;Schaefer;Vogelsang, Weidner;;
14:00-15:30;;Business Intelligence;;;;;
;;IB6;;;;;
;;Haneke;;;;;
15:40-17:10;;;Projektmanagement;;Web-Programming;;
;;;IB7;;IB2;;
;;;Haneke;;Pape;;
17:20-18:50;;;;;;;
;;;;;;;
;;;;;;;
;;;;;;;
;;;;;;;
E301;Monday;Tuesday;Wednesday;Thursday;Friday;;
08:00-09:30;Labor Verteilte Systeme;Geschäftsprozesse;Verteilte Informationssysteme;Automatisierung;Automat. Labor;;
;IM2;IB6;IB5a;IB3a;IB3b;;
;Gremminger;Haneke;Gremminger;Budwitz;Budwitz;;
09:50-11:20;Technische Informatik 1 Übung;Fremdsprachen;Angewandte Kryptografie;Automat. Labor;Automat. Labor;;
;IB1b;IB1b;IM2;IB3a;IB3b;;
;Hoffmann, Sutterer;;Schaefer;Budwitz;Budwitz;;
11:30-13:00;Verteilte Informationssysteme;Fremdsprachen;;Automat. Labor;Computer Vision;;
;IB5b;IB1b;;IB3a;IB6;;
;Gremminger;;;Budwitz;Laubenheimer;;
14:00-15:30;;DB1 und K-Netze1;;;;;
;;IB3a;;;;;
;;Gmeiner, Steiniger;;;;;
15:40-17:10;;;;;Theoretische Informatik 1;;
;;;;;IB1a;;
;;;;;Körner;;
17:20-18:50;;;;;;;
;;;;;;;
;;;;;;;
;;;;;;;
;;;;;;;
E302;Monday;Tuesday;Wednesday;Thursday;Friday;;
08:00-09:30;Technische Informatik 1;DB1 und K-Netze1;Datenrepräsentation und -übertragung;Technische Informatik 1;BWL;;
;IB1a;IB3b;IM1;IB1b;IB3a;;
;Hoffmann, Sutterer;Gmeiner, Steiniger;Hoffmann;Hoffmann, Sutterer;Haneke;;
09:50-11:20;Gameprogramming;Labor Benutzeroberflächen;DB1 und K-Netze1;Spez. Kap. Software Engineering;ERP-Systeme;;
;IB6;IM2;IB3b;IB6;IB5b;;
;Henning;Vogelsang;Gmeiner, Steiniger;Fuchß;Philipp;;
11:30-13:00;;IT-Sicherheit;;Technische Informatik 1;Automatisierung;;
;;IM2;;IB1a;IB3b;;
;;Schaefer;;Hoffmann, Sutterer;Budwitz;;
14:00-15:30;ERP-Systeme;;Mensch-Maschine-Kommunikation;;Technische Informatik 2;;
;IB5a;;IB3b;;IB2;;
;Philipp;;Mussgnug;;Ditzinger;;
15:40-17:10;;;Mensch-Maschine-Kommunikation;;;;
;;;IB3b;;;;
;;;Mussgnug;;;;
17:20-18:50;;;;;;;
;;;;;;;
;;;;;;;
;;;;;;;
;;;;;;;
E303;Monday;Tuesday;Wednesday;Thursday;Friday;;
08:00-09:30;DB1 und K-Netze1;Informatik 1;Autonome Systeme und RA;DB1 und K-Netze1;Praxisnachbereitung;;
;IB3a;IB1b;IB5b;IB3b;IB4;;
;Gmeiner, Steiniger;Pape;Burghart, Ditzinger;Gmeiner, Steiniger;Morgenstern;;
09:50-11:20;Teamteaching;Autonome Systeme und RA;ERP-Labor;;BWL;;
;IB7;IB5a;IB5a;;IB3a;;
;Vogelsang;Burghart, Ditzinger;Philipp;;Haneke;;
11:30-13:00;Informatik 2;Technische Informatik 2;;Modellb. SW-Entw.;ERP-Systeme;;
;IB2;IB2;;IB6;IB5b;;
;Vogelsang;Ditzinger;;Supp;Philipp;;
14:00-15:30;;Automatisierung;Mobile Systeme;;Intercultural Comm.;;
;;IB3b;IM1;;IB6;;
;;Budwitz;Fuchß;;Rose;;
15:40-17:10;;Networksecurity;;Projektarbeit2;Autonome Systeme und RA;;
;;IB6;;IM2;IB5a;;
;;Magschok;;Alle Professoren;Burghart, Ditzinger;;
17:20-18:50;;Führungskräftetraining;;Projektarbeit2;;;
;;IM1;;IM2;;;
;;Hüttel;;Alle Professoren;;;
;;;;;;;
;;;;;;;
E304;Monday;Tuesday;Wednesday;Thursday;Friday;;
08:00-09:30;Mathematik 2 Labor;Mathematik 1;Automatisierung;IT Projektmanagement;Sprachen und Metasprachen;;
;IB2;IB1a;IB3a;IM1;IB2;;
;Laubenheimer;Schaefer;Budwitz;Haneke;Körner;;
09:50-11:20;Algorithmen Übung;IT-Consulting;Benutzeroberflächen;DB2 und K-Netze2;Labor Bildverarbeitung;;
;IM2;IB6;IB6;IB5a;IB6;;
;Pape;Philipp;Vogelsang;Rotert;Laubenheimer;;
11:30-13:00;ERP-Systeme;Geschäftsprozesse;;Verteilte Informationssysteme;Technische Informatik 1;;
;IB5a;IB6;;IB5a;IB1b;;
;Philipp;Philipp;;Gremminger;Hoffmann, Sutterer;;
14:00-15:30;Informatik 2 Übung;Mathematik 1;;;;;
;IB2;IB1b;;;;;
;Vogelsang, Weidner;Schaefer;;;;;
15:40-17:10;;;;;;;
;;;;;;;
;;;;;;;
17:20-18:50;Rhetorik;;;;;;
;IB6;;;;;;
;Thielemann;;;;;;
;;;;;;;
;;;;;;;
E305;Monday;Tuesday;Wednesday;Thursday;Friday;;
08:00-09:30;DB2 und K-Netze2;Softwarelabor;Geschäftsprozesse;DB2 und K-Netze2;Autonome Systeme und RA;;
;IB5b;IB2;IB6;IB5b;IB5b;;
;Rotert;;Philipp;Rotert;Burghart, Ditzinger;;
09:50-11:20;Mathematik 2;Softwarelabor;Informatik 1;BWL;Intelligente Systeme;;
;IB2;IB2;IB1b;IB3b;IM1;;
;Laubenheimer;;Pape;Haneke;Link;;
11:30-13:00;Data Mining;Modellierung und Simulation;;;;;
;IM2;IM1;;;;;
;Laubenheimer;Nestler;;;;;
14:00-15:30;;;Advanced Networking;Projektarbeit1;;;
;;;IB6;IM1;;;
;;;Magschok;Alle Professoren;;;
15:40-17:10;;ERP-Labor;Advanced Networking;Projektarbeit1;;;
;;IB5b;IB6;IM1;;;
;;Philipp;Magschok;Alle Professoren;;;
17:20-18:50;;Seminar;;Projektarbeit1;;;
;;IM2;;IM1;;;
;;Alle Professoren;;Alle Professoren;;;
;;;;;;;
;;;;;;;
LI008;Monday;Tuesday;Wednesday;Thursday;Friday;;
08:00-09:30;;SW-Engineering;;;;;
;;IB5b;;;;;
;;Fuchß;;;;;
09:50-11:20;;SW-Engineering;;Mathematik 1 Labor;;;
;;IB5b;;IB1a;;;
;;Fuchß;;Schaefer;;;
11:30-13:00;;SW-Engineering;;Systemnah. Progr.;;;
;;IB5b;;IB3b;;;
;;Fuchß;;Fuchß;;;
14:00-15:30;;SW-Engineering;;;;;
;;IB5b;;;;;
;;Fuchß;;;;;
15:40-17:10;;Systemnah. Progr.;;;;;
;;IB3a;;;;;
;;Fuchß;;;;;
17:20-18:50;;;;;;;
;;;;;;;
;;;;;;;
;;;;;;;
;;;;;;;
LI136;Monday;Tuesday;Wednesday;Thursday;Friday;;
08:00-09:30;;;Informatik 1 Übung;;Informatik 1 Übung;;
;;;IB1a;;IB1b;;
;;;Pape;;Pape;;
09:50-11:20;;;;;Mathematik 1 Labor;;
;;;;;IB1b;;
;;;;;Schaefer;;
11:30-13:00;;;;;;;
;;;;;;;
;;;;;;;
14:00-15:30;Embedded Labor;;;Systemnah. Progr.;;;
;IB6;;;IB3a;;;
;Hoffmann;;;Fuchß;;;
15:40-17:10;Embedded Labor;;;;;;
;IB6;;;;;;
;Hoffmann;;;;;;
17:20-18:50;;;;;;;
;;;;;;;
;;;;;;;
;;;;;;;
;;;;;;;
LI137;Monday;Tuesday;Wednesday;Thursday;Friday;;
08:00-09:30;;Labor Autonome Systeme;;;Mathematik 1 Labor;;
;;IB7;;;IB1a;;
;;Link;;;Schaefer;;
09:50-11:20;;;Systemnah. Progr.;Visualization and Semantics Lab;;;
;;;IB3a;IM1;;;
;;;Fuchß;Henning;;;
11:30-13:00;;;;;;;
;;;;;;;
;;;;;;;
14:00-15:30;;;;;;;
;;;;;;;
;;;;;;;
15:40-17:10;;;;;;;
;;;;;;;
;;;;;;;
17:20-18:50;;;;;;;
;;;;;;;
;;;;;;;
;;;;;;;
;;;;;;;
LI141;Monday;Tuesday;Wednesday;Thursday;Friday;;
08:00-09:30;;;Mathematik 1 Labor;;SW-Engineering;;
;;;IB1b;;IB5a;;
;;;Schaefer;;Fuchß;;
09:50-11:20;;;;;SW-Engineering;;
;;;;;IB5a;;
;;;;;Fuchß;;
11:30-13:00;;;;;SW-Engineering;;
;;;;;IB5a;;
;;;;;Fuchß;;
14:00-15:30;;;;;SW-Engineering;;
;;;;;IB5a;;
;;;;;Fuchß;;
15:40-17:10;;;;;Systemnah. Progr.;;
;;;;;IB3b;;
;;;;;Fuchß;;
17:20-18:50;;;Systemnah. Progr.;;;;
;;;IB3b;;;;
;;;Fuchß;;;;
;;;;;;;
;;;;;;;
